org_id,account_name,account_id,lightning_url
00D2E00000139NKUAY,Textile Museum of Canada,001f200001dlZQVAA2,https://veevart.lightning.force.com/lightning/r/Account/001f200001dlZQVAA2/view
00Df4000000oEx8EAE,Self Help Graphics & Art,001f200001Q6CJNAA3,https://veevart.lightning.force.com/lightning/r/Account/001f200001Q6CJNAA3/view
00DDm000000I0PkMAK,Rema Hort Mann Foundation,0018W000025x1SWQAY,https://veevart.lightning.force.com/lightning/r/Account/0018W000025x1SWQAY/view
00D3c000000XYCXEA4,MOFAD - Museum of Food and Drink,001f2000025FzsFAAS,https://veevart.lightning.force.com/lightning/r/Account/001f2000025FzsFAAS/view
00D8c000003DBdEEAW,Musée d'art de Rouyn-Noranda,0015w00002ZnzS4AAJ,https://veevart.lightning.force.com/lightning/r/Account/0015w00002ZnzS4AAJ/view
00DHr00000783obMAA,Lost in New Haven Museum,001Vs000007cqUbIAI,https://veevart.lightning.force.com/lightning/r/Account/001Vs000007cqUbIAI/view
00DKb000000O5y6MAC,Casa del Herrero,001Vs000003MN4IIAW,https://veevart.lightning.force.com/lightning/r/Account/001Vs000003MN4IIAW/view
00D2E000001HiOWUA0,Creative Time,001f200001mx0qYAAQ,https://veevart.lightning.force.com/lightning/r/Account/001f200001mx0qYAAQ/view
00D0Y000001iRMhUAM,Fundació Sorigué,0016000001NGBoRAAX,https://veevart.lightning.force.com/lightning/r/Account/0016000001NGBoRAAX/view
00DfI00000PEQJMUA5,Maine MILL,001Vs00000RooLnIAJ,https://veevart.lightning.force.com/lightning/r/Account/001Vs00000RooLnIAJ/view
00DDn000004NrbQMAS,Bytown Museum,0018W00001zko39QAA,https://veevart.lightning.force.com/lightning/r/Account/0018W00001zko39QAA/view
00D8b000000kFL3EAM,Friends of the Cabildo,0018W00001hh4yGQAQ,https://veevart.lightning.force.com/lightning/r/Account/0018W00001hh4yGQAQ/view
00D5Y000002VnqVUAS,The Icon Museum and Study Center,0015w00002NgyYEAAZ,https://veevart.lightning.force.com/lightning/r/Account/0015w00002NgyYEAAZ/view
00DHs000003X7SwMAK,New Salem Museum and Academy of Fine Art,0018W00002XW8oBQAT,https://veevart.lightning.force.com/lightning/r/Account/0018W00002XW8oBQAT/view
00D2o000001VD8uEAG,Musée d'Art et de Culture Soufis MTO,001Vs0000055xbCIAQ,https://veevart.lightning.force.com/lightning/r/Account/001Vs0000055xbCIAQ/view
00D4x0000022OI6EAM,The Charles H. Wright Museum of African American History,0015w00002Gf13CAAR,https://veevart.lightning.force.com/lightning/r/Account/0015w00002Gf13CAAR/view
00D3h00000562YaEAI,SAAACAM - San Antonio African American Community Archive and Museum,0015w000026yQlnAAE,https://veevart.lightning.force.com/lightning/r/Account/0015w000026yQlnAAE/view
00D4T000000F6SOUA0,ICA San Diego,0015w00002Ni8t5AAB,https://veevart.lightning.force.com/lightning/r/Account/0015w00002Ni8t5AAB/view
00D5e000000I8XBEA0,Fondation J Armand Bombardier,0015w00002NiCytAAF,https://veevart.lightning.force.com/lightning/r/Account/0015w00002NiCytAAF/view
00DHr000003Z4KmMAK,Arte Américas,001Vs000002hskVIAQ,https://veevart.lightning.force.com/lightning/r/Account/001Vs000002hskVIAQ/view
00DHr00000188RQMAY,Kansas Aviation Museum,0018W00002EGSIwQAP,https://veevart.lightning.force.com/lightning/r/Account/0018W00002EGSIwQAP/view
00D4w000001OgsyEAC,The DuSable Black History Museum and Education Center,0018W00002CVcj8QAD,https://veevart.lightning.force.com/lightning/r/Account/0018W00002CVcj8QAD/view
00Da500000WzwY2EAJ,Kidzone Museum (Sierra Nevada Children's Museum),001f200001muIL1AAM,https://veevart.lightning.force.com/lightning/r/Account/001f200001muIL1AAM/view
00D5f000003H0IVEA0,Children's Discovery Museum of the Golden Crescent,0015w00002QWrcHAAT,https://veevart.lightning.force.com/lightning/r/Account/0015w00002QWrcHAAT/view
00D3g0000003LTnEAM,Muzeo,0015w00002ERG2CAAX,https://veevart.lightning.force.com/lightning/r/Account/0015w00002ERG2CAAX/view
00Da500001GWVWmEAP,Westerly Museum of American Impressionism,001Vs00000FuEneIAF,https://veevart.lightning.force.com/lightning/r/Account/001Vs00000FuEneIAF/view
00D410000005MIsEAM,GLBT Historical Society,001f200001Xolx6AAB,https://veevart.lightning.force.com/lightning/r/Account/001f200001Xolx6AAB/view
00DDp000001ykcmMAA,Military Aviation Museum,0018W00002F1CqoQAF,https://veevart.lightning.force.com/lightning/r/Account/0018W00002F1CqoQAF/view
00DHn000003wuOZMAY,Myrtle Beach’s Museum,001Vs00000DxG4UIAV,https://veevart.lightning.force.com/lightning/r/Account/001Vs00000DxG4UIAV/view
00Dfo000007fKtBEAU,Halcyon Foundation,001Vs00000bEEHJIA4,https://veevart.lightning.force.com/lightning/r/Account/001Vs00000bEEHJIA4/view
00D5w000004RYdgEAG,Blackhawk Museum,001f200001YmM4FAAV,https://veevart.lightning.force.com/lightning/r/Account/001f200001YmM4FAAV/view
00D3h000001yoj9EAA,Foothills Art Center,0015w00002Bl90oAAB,https://veevart.lightning.force.com/lightning/r/Account/0015w00002Bl90oAAB/view
00Dal00001D7auWEAR,Mattress Factory Contemporary Art Museum,001Vs00000B5l00IAB,https://veevart.lightning.force.com/lightning/r/Account/001Vs00000B5l00IAB/view
00D6g0000082KOPEA2,Maine Mineral & Gem Museum,001f20000250D6FAAU,https://veevart.lightning.force.com/lightning/r/Account/001f20000250D6FAAU/view
00D5e000000JgMzEAK,CMOO - Children's Museum of Oswego,001f200001ud2NuAAI,https://veevart.lightning.force.com/lightning/r/Account/001f200001ud2NuAAI/view
00DfK00000O9zUfUAJ,Pittsburgh Glass Center,001Vs00000EHrG5IAL,https://veevart.lightning.force.com/lightning/r/Account/001Vs00000EHrG5IAL/view
00D3t000000ydtZEAQ,American Visionary Art Museum (AVAM),0015w00002EOweeAAD,https://veevart.lightning.force.com/lightning/r/Account/0015w00002EOweeAAD/view
00D46000000XyaHEAS,Orillia Museum of Art & History,001f200001Nmit5AAB,https://veevart.lightning.force.com/lightning/r/Account/001f200001Nmit5AAB/view
00Di0000000K440EAC,Angels Gate Cultural Center,001Vs00000SDXBBIA5,https://veevart.lightning.force.com/lightning/r/Account/001Vs00000SDXBBIA5/view
00D5e0000013EzcEAE,Lowe Art Museum - University of Miami,0015w000025HPqXAAW,https://veevart.lightning.force.com/lightning/r/Account/0015w000025HPqXAAW/view
00D5e0000019uSdEAI,Morven Museum & Garden,0015w00002Ni4HmAAJ,https://veevart.lightning.force.com/lightning/r/Account/0015w00002Ni4HmAAJ/view
00D5e000002U6W3EAK,YBCA (Yerba Buena Center for the Arts),0015w00002Ti2vcAAB,https://veevart.lightning.force.com/lightning/r/Account/0015w00002Ti2vcAAB/view
00D5f000006Oka6EAC,The Sailing Museum & National Sailing Hall of Fame,0015w00002TgBlgAAF,https://veevart.lightning.force.com/lightning/r/Account/0015w00002TgBlgAAF/view
00D4P000000k1zdUAA,MacRostie Art Center,001f200001xc1LVAAY,https://veevart.lightning.force.com/lightning/r/Account/001f200001xc1LVAAY/view
00D5f000001ywh3EAA,Shaw Centre for the Salish Sea,0015w00002QXaeRAAT,https://veevart.lightning.force.com/lightning/r/Account/0015w00002QXaeRAAT/view
00D4100000072AOEAY,Santa Barbara County Office of Arts and Culture,0016000001HdRxtAAF,https://veevart.lightning.force.com/lightning/r/Account/0016000001HdRxtAAF/view
00D8c00000262C1EAI,Museum Center at Five Points,0015w00002ZoC7aAAF,https://veevart.lightning.force.com/lightning/r/Account/0015w00002ZoC7aAAF/view
00Dam00001W0trvEAB,Huntington African American Museum,001Vs00000czWwXIAU,https://veevart.lightning.force.com/lightning/r/Account/001Vs00000czWwXIAU/view
00DHs000003WvSzMAK,Southern Alberta Art Gallery,0015w00002eifQ4AAI,https://veevart.lightning.force.com/lightning/r/Account/0015w00002eifQ4AAI/view
00D8b0000013ig8EAA,Museu Judaico de São Paulo,0015w00002bJHTXAA4,https://veevart.lightning.force.com/lightning/r/Account/0015w00002bJHTXAA4/view
00DHs000000Q8MBMA0,Edenton Historical Commission,0018W00002FphLhQAJ,https://veevart.lightning.force.com/lightning/r/Account/0018W00002FphLhQAJ/view
00D5Y000002WAtVUAW,Las Vegas Natural History Museum,0015w00002QVetRAAT,https://veevart.lightning.force.com/lightning/r/Account/0015w00002QVetRAAT/view
00DDn0000014ZdrMAE,Jackson Hole Children's Museum,0018W00001zjmsNQAQ,https://veevart.lightning.force.com/lightning/r/Account/0018W00001zjmsNQAQ/view
00DHr00000MAIX0MAP,Schoolhouse Childrens Museum,001Vs0000076zMbIAI,https://veevart.lightning.force.com/lightning/r/Account/001Vs0000076zMbIAI/view
00D6g000000vpgCEAQ,The Calgary Stampede,0018W00002EEidVQAT,https://veevart.lightning.force.com/lightning/r/Account/0018W00002EEidVQAT/view
00DHu000002tXPeMAM,New England Air Museum (Connecticut Aeronautical Historical Association),001f200001jivEHAAY,https://veevart.lightning.force.com/lightning/r/Account/001f200001jivEHAAY/view
00Di0000000HU3uEAG,Turtle Conservancy,0018W00002FxXv0QAF,https://veevart.lightning.force.com/lightning/r/Account/0018W00002FxXv0QAF/view
00Dao00001WilhYEAR,Children's Museum of Rock County,001Vs00000lvHp9IAE,https://veevart.lightning.force.com/lightning/r/Account/001Vs00000lvHp9IAE/view
00Da500001WR4scEAD,Leonardo da Vinci Museum of North America,001Vs00000aPi66IAC,https://veevart.lightning.force.com/lightning/r/Account/001Vs00000aPi66IAC/view
00D0b000000wT07EAE,AKC Museum of the Dog,001f200001YmR1CAAV,https://veevart.lightning.force.com/lightning/r/Account/001f200001YmR1CAAV/view
00D0b000000C767EAC,Creative Discovery Museum,001f200001hR2ClAAK,https://veevart.lightning.force.com/lightning/r/Account/001f200001hR2ClAAK/view
00DHr00000783nxMAA,Sciencenter,0018W00001t64v7QAA,https://veevart.lightning.force.com/lightning/r/Account/0018W00001t64v7QAA/view
00D600000006mYCEAY,Betty Brinn Children's Museum,001f200001NmxgHAAR,https://veevart.lightning.force.com/lightning/r/Account/001f200001NmxgHAAR/view
00D4S000001bPT6UAM,Connecticut River Museum,0018W00001t6k8yQAA,https://veevart.lightning.force.com/lightning/r/Account/0018W00001t6k8yQAA/view
00D8Z000000snO4UAI,Cedarhurst Center for the Arts (John R & Eleanor R Mitchell Foundation),0018W00001o6FxEQAU,https://veevart.lightning.force.com/lightning/r/Account/0018W00001o6FxEQAU/view
00DHr000001s53CMAQ,London Children's Museum,0015w00002QVODuAAP,https://veevart.lightning.force.com/lightning/r/Account/0015w00002QVODuAAP/view
00Dfi000003ud4zEAA,Carolina Raptor Center,001Vs000007jpK6IAI,https://veevart.lightning.force.com/lightning/r/Account/001Vs000007jpK6IAI/view
00D5f000007FwGbEAK,Queens Museum,0016000001HCap6AAD,https://veevart.lightning.force.com/lightning/r/Account/0016000001HCap6AAD/view
00D3t000004nvW5EAI,Four Mile Historic Park,0018W00001t8FGWQA2,https://veevart.lightning.force.com/lightning/r/Account/0018W00001t8FGWQA2/view
00DHr000004DaceMAC,Musée d'art Joliette,0018W00001qQpp3QAC,https://veevart.lightning.force.com/lightning/r/Account/0018W00001qQpp3QAC/view
00D4x000004zsU4EAI,Newport Restoration Foundation,0015w00002JbQboAAF,https://veevart.lightning.force.com/lightning/r/Account/0015w00002JbQboAAF/view
00DG0000000i0dgMAA,Golisano Children's Museum of Naples,001f2000020tH6HAAU,https://veevart.lightning.force.com/lightning/r/Account/001f2000020tH6HAAU/view
00DHr0000010cQHMAY,Keystone Kidspace,0018W00002GPJTUQA5,https://veevart.lightning.force.com/lightning/r/Account/0018W00002GPJTUQA5/view
00DDp000000febDMAQ,New Bedford Art Museum,0018W00002CS22hQAD,https://veevart.lightning.force.com/lightning/r/Account/0018W00002CS22hQAD/view
00DHs000003WMRWMA4,Sonoma Botanical Gardens,0018W00002VeHvUQAV,https://veevart.lightning.force.com/lightning/r/Account/0018W00002VeHvUQAV/view
00DHr000003YsMQMA0,Pyramid Hill Sculpture Park & Museum,0018W00002XVq5CQAT,https://veevart.lightning.force.com/lightning/r/Account/0018W00002XVq5CQAT/view
00D5e000001CHXIEA4,Beaverbrook Art Gallery,0015w00002QWreNAAT,https://veevart.lightning.force.com/lightning/r/Account/0015w00002QWreNAAT/view
00DHu00000JxdQqMAJ,"Valiant Air Command, Inc.",001Vs00000IV0RBIA1,https://veevart.lightning.force.com/lightning/r/Account/001Vs00000IV0RBIA1/view
00DDn000000IXOVMA4,The Children’s Museum at Saratoga,0015w00002ZoBDAAA3,https://veevart.lightning.force.com/lightning/r/Account/0015w00002ZoBDAAA3/view
00DHr000001uSgwMAE,Hart Square Foundation Inc,0018W00002PHyQNQA1,https://veevart.lightning.force.com/lightning/r/Account/0018W00002PHyQNQA1/view
00D5e000003SlxHEAS,Wonder Works Children's Museum,0015w00002Thx9QAAR,https://veevart.lightning.force.com/lightning/r/Account/0015w00002Thx9QAAR/view
00D8a000001Qol5EAC,The Rabbit hOle,0015w000025HPoWAAW,https://veevart.lightning.force.com/lightning/r/Account/0015w000025HPoWAAW/view
00DHu000003MEfZMAW,Wildlife Images Rehabilitation and Education Center,0018W00002XViyEQAT,https://veevart.lightning.force.com/lightning/r/Account/0018W00002XViyEQAT/view
00D8V0000038VEFUA2,North Dakota's Gateway to Science,0018W00001qRKpQQAW,https://veevart.lightning.force.com/lightning/r/Account/0018W00001qRKpQQAW/view
00D5f000002cE2rEAE,Vivalon,0018W00001hhS5WQAU,https://veevart.lightning.force.com/lightning/r/Account/0018W00001hhS5WQAU/view
00D5f000006PSAiEAO,American Airlines CR Smith Museum,0015w00002TiZV0AAN,https://veevart.lightning.force.com/lightning/r/Account/0015w00002TiZV0AAN/view
00D5e000001BfS1EAK,Hawaii Tropical Bioreserve & Garden,0015w00002HOr4lAAD,https://veevart.lightning.force.com/lightning/r/Account/0015w00002HOr4lAAD/view
00D5f000007G1hkEAC,Hammond Castle Museum,0015w00002QVJRsAAP,https://veevart.lightning.force.com/lightning/r/Account/0015w00002QVJRsAAP/view
00D46000000Zb81EAC,Art Gallery of Burlington,001f200001xcdlTAAQ,https://veevart.lightning.force.com/lightning/r/Account/001f200001xcdlTAAQ/view
00DKj000002YB43MAG,Krasl Art Center,001Vs000002f32VIAQ,https://veevart.lightning.force.com/lightning/r/Account/001Vs000002f32VIAQ/view
00D4P000000xz3HUAQ,Hill-Stead Museum,001f20000236ZphAAE,https://veevart.lightning.force.com/lightning/r/Account/001f20000236ZphAAE/view
00D8b00000154NiEAI,Tesla Science Center,0015w00002eiff4AAA,https://veevart.lightning.force.com/lightning/r/Account/0015w00002eiff4AAA/view
00D8d00000946uoEAA,American Museum & Gardens,0018W000025x3B4QAI,https://veevart.lightning.force.com/lightning/r/Account/0018W000025x3B4QAI/view
00Da500001NKck0EAD,Aspen Historical Society,001Vs000004IjuIIAS,https://veevart.lightning.force.com/lightning/r/Account/001Vs000004IjuIIAS/view
00D3t000002PLjPEAW,Maryland Center for History and Culture,0015w00002HOVxZAAX,https://veevart.lightning.force.com/lightning/r/Account/0015w00002HOVxZAAX/view
00D2E000000mCvGUAU,MacKenzie Art Gallery,001f200001TeCJeAAN,https://veevart.lightning.force.com/lightning/r/Account/001f200001TeCJeAAN/view
00D1t000000GUiJEAW,Serpentine Galleries,001Vs00000BuQkgIAF,https://veevart.lightning.force.com/lightning/r/Account/001Vs00000BuQkgIAF/view
00D5f000007IYK6EAO,Royal Aviation Museum,0015w00002TgExLAAV,https://veevart.lightning.force.com/lightning/r/Account/0015w00002TgExLAAV/view
00DDn000002q6g6MAA,Museé Nature Sciences (MNS2),0018W00001lVZXKQA4,https://veevart.lightning.force.com/lightning/r/Account/0018W00001lVZXKQA4/view
00D5e000005Ac1hEAC,Emily Dickinson Museum - Amherst College,0015w00002QYqGeAAL,https://veevart.lightning.force.com/lightning/r/Account/0015w00002QYqGeAAL/view
00DHr00000FcNsFMAV,The BIGGS museum of American Art,0018W00002XUXbuQAH,https://veevart.lightning.force.com/lightning/r/Account/0018W00002XUXbuQAH/view
00DKj00000GfwwcMAB,Discovery Center of Springfield,001Vs000009nKd8IAE,https://veevart.lightning.force.com/lightning/r/Account/001Vs000009nKd8IAE/view
00D2x000000E4KNEA0,Rockhampton Regional Council,001f200001svlQIAAY,https://veevart.lightning.force.com/lightning/r/Account/001f200001svlQIAAY/view
00D8Z000002hlYmUAI,Milwaukee Domes Alliance (Friends of the Domes),0015w00002eiZrOAAU,https://veevart.lightning.force.com/lightning/r/Account/0015w00002eiZrOAAU/view
00Df4000001e8sNEAQ,Monk Botanical Gardens,001Vs00000of9u0IAA,https://veevart.lightning.force.com/lightning/r/Account/001Vs00000of9u0IAA/view
00D5A0000007tpJUAQ,Space Foundation,0015w00002QYutyAAD,https://veevart.lightning.force.com/lightning/r/Account/0015w00002QYutyAAD/view
00Dfh000004XyRQEA0,United States Marshals Museum,0018W00002PA9c6QAD,https://veevart.lightning.force.com/lightning/r/Account/0018W00002PA9c6QAD/view
00DHs00000NDm82MAD,Museum of the African Diaspora,001Vs000004MuAzIAK,https://veevart.lightning.force.com/lightning/r/Account/001Vs000004MuAzIAK/view
00DHs000002jwKbMAI,San Diego History Center,0018W00002XVmYvQAL,https://veevart.lightning.force.com/lightning/r/Account/0018W00002XVmYvQAL/view
00Dfn000005dQ1OEAU,"Masonic Temple, Library & Museum",001Vs00000VlKMRIA3,https://veevart.lightning.force.com/lightning/r/Account/001Vs00000VlKMRIA3/view
00DfI00000QQvCeUAL,High Desert Museum,001Vs00000D3ZxrIAF,https://veevart.lightning.force.com/lightning/r/Account/001Vs00000D3ZxrIAF/view
00Dbn00000oGPyxEAG,Vermont Historical Society,001Vs00000GzdrRIAR,https://veevart.lightning.force.com/lightning/r/Account/001Vs00000GzdrRIAR/view
00DHr0000012MDfMAM,Delta Flight Museum,0018W00002GPpFWQA1,https://veevart.lightning.force.com/lightning/r/Account/0018W00002GPpFWQA1/view
00Dfn00000CeUoTEAV,kidSTREAM Children's Museum,001Vs00000T8NnvIAF,https://veevart.lightning.force.com/lightning/r/Account/001Vs00000T8NnvIAF/view
00Dam00001c4sUrEAI,Newport Historical Society Museum,001Vs00000bh2g2IAA,https://veevart.lightning.force.com/lightning/r/Account/001Vs00000bh2g2IAA/view
00Dal00001OBRWPEA5,Tucson Botanical Gardens,001Vs00000bgJiqIAE,https://veevart.lightning.force.com/lightning/r/Account/001Vs00000bgJiqIAE/view
00Dao00001WblxtEAB,The Hammer Museum,001Vs00000bg8eSIAQ,https://veevart.lightning.force.com/lightning/r/Account/001Vs00000bg8eSIAQ/view
00D36000000vZDFEA2,Historic Oakland Foundation,0018W00002GPXFGQA5,https://veevart.lightning.force.com/lightning/r/Account/0018W00002GPXFGQA5/view
00DHr000001uApgMAE,Sullenberger Aviation Museum,0018W00002PdOdiQAF,https://veevart.lightning.force.com/lightning/r/Account/0018W00002PdOdiQAF/view
00D3t000004SsIJEA0,Echo Leahy Center for Lake Champlain,0015w00002Bk63CAAR,https://veevart.lightning.force.com/lightning/r/Account/0015w00002Bk63CAAR/view
00DDn000006zZN2MAM,Chinese Canadian Museum Society of British Columbia,0018W00001zjUhnQAE,https://veevart.lightning.force.com/lightning/r/Account/0018W00001zjUhnQAE/view
00DHr00000187GPMAY,Vermont Institute of Natural Science (VINS),0018W000025zXgvQAE,https://veevart.lightning.force.com/lightning/r/Account/0018W000025zXgvQAE/view
00DHs000003UvK4MAK,Grand Rapids Art Museum,0018W00002VdwenQAB,https://veevart.lightning.force.com/lightning/r/Account/0018W00002VdwenQAB/view
00D4x000007uBdGEAU,Alliance For The Arts,0018W00001t7pAOQAY,https://veevart.lightning.force.com/lightning/r/Account/0018W00001t7pAOQAY/view
00DDn000003oNiLMAU,Ogunquit Museum of American Art - OMAA,0015w00002eiMiKAAU,https://veevart.lightning.force.com/lightning/r/Account/0015w00002eiMiKAAU/view
00D1U0000015GkoUAE,The Wolfsonian - FIU,001f200001f7deQAAQ,https://veevart.lightning.force.com/lightning/r/Account/001f200001f7deQAAQ/view
00DKc000008B94qMAC,Nutrien Wonderhub,0018W00002KRAzwQAH,https://veevart.lightning.force.com/lightning/r/Account/0018W00002KRAzwQAH/view
00Dao00001NqAGrEAN,Everson Museum of Art,0018W00001hi9qTQAQ,https://veevart.lightning.force.com/lightning/r/Account/0018W00001hi9qTQAQ/view
00D09000007vAJCEA2,Danish Architecture Center - DAC,0015w00002QXxPoAAL,https://veevart.lightning.force.com/lightning/r/Account/0015w00002QXxPoAAL/view
00D4x00000669ezEAA,Exploration Place,0015w000026yzjDAAQ,https://veevart.lightning.force.com/lightning/r/Account/0015w000026yzjDAAQ/view
00D8a000001JQ5ZEAW,Art Gallery of Hamilton,0015w00002eimawAAA,https://veevart.lightning.force.com/lightning/r/Account/0015w00002eimawAAA/view
00D5Y000001bYzyUAE,Lotusland,0015w00002KyjhNAAR,https://veevart.lightning.force.com/lightning/r/Account/0015w00002KyjhNAAR/view
00D8a000002TPIeEAO,Lewis Museum,0018W00001hguY1QAI,https://veevart.lightning.force.com/lightning/r/Account/0018W00001hguY1QAI/view
00DKd00000INqvaMAD,Port Discovery Children's Museum,0015w00002eikTmAAI,https://veevart.lightning.force.com/lightning/r/Account/0015w00002eikTmAAI/view
00DHo000002GeRyMAK,Oklahoma City National Memorial & Museum,0018W00002MDbjNQAT,https://veevart.lightning.force.com/lightning/r/Account/0018W00002MDbjNQAT/view
00DHp000003UcVYMA0,Friends of the Corpus Christi Museum of Science and History,0018W00002GQeZaQAL,https://veevart.lightning.force.com/lightning/r/Account/0018W00002GQeZaQAL/view
00DHr000001uSgmMAE,The Huntsville Museum of Art,0018W000025xtKZQAY,https://veevart.lightning.force.com/lightning/r/Account/0018W000025xtKZQAY/view
00Da5000015JHl2EAG,Montclair Art Museum,001Vs00000JsXkAIAV,https://veevart.lightning.force.com/lightning/r/Account/001Vs00000JsXkAIAV/view
00Dfn00000DSnsjEAD,Illinois Holocaust Museum And Education Center,001Vs00000bgrhBIAQ,https://veevart.lightning.force.com/lightning/r/Account/001Vs00000bgrhBIAQ/view
00DHo000001caiTMAQ,The James Museum,0018W00002L9MhlQAF,https://veevart.lightning.force.com/lightning/r/Account/0018W00002L9MhlQAF/view
00Dfn00000DhYWnEAN,Eiteljorg Museum,001Vs00000BZCBGIA5,https://veevart.lightning.force.com/lightning/r/Account/001Vs00000BZCBGIA5/view
00DHp000003T5AyMAK,Pacific War Museum,0015w00002JciqFAAR,https://veevart.lightning.force.com/lightning/r/Account/0015w00002JciqFAAR/view
00D8Z000001sMgCUAU,Kiewit Luminarium (Omaha Discovery Trust),0018W00001t6kDPQAY,https://veevart.lightning.force.com/lightning/r/Account/0018W00001t6kDPQAY/view
00D6e000001hUunEAE,B&O Railroad Museum,0018W000029VgEwQAK,https://veevart.lightning.force.com/lightning/r/Account/0018W000029VgEwQAK/view
00D1I000001Vlc8UAC,Olbrich Botanical Gardens,0018W00001zlRcpQAE,https://veevart.lightning.force.com/lightning/r/Account/0018W00001zlRcpQAE/view
00D8c000002LZ1zEAG,Nasher Sculpture Center,0015w000028zJQVAA2,https://veevart.lightning.force.com/lightning/r/Account/0015w000028zJQVAA2/view
00DKj0000019e7sMAA,Vizcaya Museum and Gardens,001f200001P540cAAB,https://veevart.lightning.force.com/lightning/r/Account/001f200001P540cAAB/view
00DHs000001zFpjMAE,Botanica The Wichita Gardens,0018W00002Oh7SNQAZ,https://veevart.lightning.force.com/lightning/r/Account/0018W00002Oh7SNQAZ/view
00D8c000006dQxREAU,Ford House,0016000001NLtD8AAL,https://veevart.lightning.force.com/lightning/r/Account/0016000001NLtD8AAL/view
00Dfn000005zfP2EAI,The Muhammad Ali Center,0018W00002NODxqQAH,https://veevart.lightning.force.com/lightning/r/Account/0018W00002NODxqQAH/view
00D8t0000008adJEAQ,Museum of Australian Democracy (MoAD),0018W00002BfCvpQAF,https://veevart.lightning.force.com/lightning/r/Account/0018W00002BfCvpQAF/view
00Df2000000D5H0EAK,The White House Historical Association,001Vs000004CrvtIAC,https://veevart.lightning.force.com/lightning/r/Account/001Vs000004CrvtIAC/view
00D1I000003Fn6CUAS,The Contemporary Austin,0018W00001lRaEqQAK,https://veevart.lightning.force.com/lightning/r/Account/0018W00001lRaEqQAK/view
00Dbn00000S3x0JEAR,Questacon - National Science and Technology Centre,001Vs000007R6jdIAC,https://veevart.lightning.force.com/lightning/r/Account/001Vs000007R6jdIAC/view
